{"cameraMode":{"drawMode":0,"name":"Shaded","section":"Shading Mode"},"sceneLighting":true,"audioPlay":false,"sceneViewState":{"showFog":false,"showMaterialUpdate":false,"showSkybox":false,"showFlares":false,"showImageEffects":false,"showParticleSystems":false},"in2DMode":false,"pivot":{"x":435.5014953613281,"y":17.848173141479493,"z":198.64060974121095},"rotation":{"x":-0.27964359521865847,"y":-0.6209425926208496,"z":0.2526431381702423,"w":-0.687324583530426},"size":7.762564659118652,"orthographic":false}